Geo_FIPS,Geo_QName,Geo_FILEID,Geo_STUSAB,Geo_SUMLEV,Geo_GEOCOMP,Geo_LOGRECNO,Geo_US,Geo_REGION,Geo_DIVISION,Geo_STATECE,Geo_STATE,Geo_COUNTY,Geo_COUSUB,Geo_PLACE,Geo_TRACT,Geo_BLKGRP,Geo_CONCIT,Geo_AIANHH,Geo_AIANHHFP,Geo_AIHHTLI,Geo_AITSCE,Geo_AITS,Geo_ANRC,Geo_CBSA,Geo_CSA,Geo_METDIV,Geo_MACC,Geo_MEMI,Geo_NECTA,Geo_CNECTA,Geo_NECTADIV,Geo_UA,Geo_UACP,Geo_CDCURR,Geo_SLDU,Geo_SLDL,Geo_VTD,Geo_ZCTA3,Geo_ZCTA5,Geo_SUBMCD,Geo_SDELM,Geo_SDSEC,Geo_SDUNI,Geo_UR,Geo_PCI,Geo_TAZ,Geo_UGA,Geo_PUMA5,Geo_PUMA1,Geo_GEOID,Geo_NAME,Geo_BTTR,Geo_BTBG,Geo_PLACESE,SE_A03001_001,SE_A03001_002,SE_A03001_003,SE_A03001_004,SE_A03001_005,SE_A03001_006,SE_A03001_007,SE_A03001_008,PCT_SE_A03001_002,PCT_SE_A03001_003,PCT_SE_A03001_004,PCT_SE_A03001_005,PCT_SE_A03001_006,PCT_SE_A03001_007,PCT_SE_A03001_008
"06029000102","Census Tract 1.02, Kern County, California","ACSSF","ca","140","00","0003903",,,,,"06","029",,,"000102",,,,,,,,,,,,,,,,,,,,,,,,,,,,,,,,,,,"14000US06029000102","Census Tract 1.02",,,,2968,2515,0,0,14,23,54,362,84.74,0,0,0.47,0.77,1.82,12.2
"06029000103","Census Tract 1.03, Kern County, California","ACSSF","ca","140","00","0003904",,,,,"06","029",,,"000103",,,,,,,,,,,,,,,,,,,,,,,,,,,,,,,,,,,"14000US06029000103","Census Tract 1.03",,,,5218,4244,0,30,227,0,286,431,81.33,0,0.57,4.35,0,5.48,8.26
"06029000104","Census Tract 1.04, Kern County, California","ACSSF","ca","140","00","0003905",,,,,"06","029",,,"000104",,,,,,,,,,,,,,,,,,,,,,,,,,,,,,,,,,,"14000US06029000104","Census Tract 1.04",,,,1241,895,0,0,346,0,0,0,72.12,0,0,27.88,0,0,0
"06029000105","Census Tract 1.05, Kern County, California","ACSSF","ca","140","00","0003906",,,,,"06","029",,,"000105",,,,,,,,,,,,,,,,,,,,,,,,,,,,,,,,,,,"14000US06029000105","Census Tract 1.05",,,,3979,3265,1,0,19,0,273,421,82.06,0.03,0,0.48,0,6.86,10.58
"06029000106","Census Tract 1.06, Kern County, California","ACSSF","ca","140","00","0003907",,,,,"06","029",,,"000106",,,,,,,,,,,,,,,,,,,,,,,,,,,,,,,,,,,"14000US06029000106","Census Tract 1.06",,,,2466,1584,260,129,0,0,284,209,64.23,10.54,5.23,0,0,11.52,8.48
"06029000201","Census Tract 2.01, Kern County, California","ACSSF","ca","140","00","0003908",,,,,"06","029",,,"000201",,,,,,,,,,,,,,,,,,,,,,,,,,,,,,,,,,,"14000US06029000201","Census Tract 2.01",,,,3998,2767,0,74,78,29,758,292,69.21,0,1.85,1.95,0.73,18.96,7.3
"06029000202","Census Tract 2.02, Kern County, California","ACSSF","ca","140","00","0003909",,,,,"06","029",,,"000202",,,,,,,,,,,,,,,,,,,,,,,,,,,,,,,,,,,"14000US06029000202","Census Tract 2.02",,,,3366,2715,181,22,0,0,326,122,80.66,5.38,0.65,0,0,9.69,3.62
"06029000300","Census Tract 3, Kern County, California","ACSSF","ca","140","00","0003910",,,,,"06","029",,,"000300",,,,,,,,,,,,,,,,,,,,,,,,,,,,,,,,,,,"14000US06029000300","Census Tract 3",,,,5164,3748,262,0,48,0,151,955,72.58,5.07,0,0.93,0,2.92,18.49
"06029000400","Census Tract 4, Kern County, California","ACSSF","ca","140","00","0003911",,,,,"06","029",,,"000400",,,,,,,,,,,,,,,,,,,,,,,,,,,,,,,,,,,"14000US06029000400","Census Tract 4",,,,4652,3471,166,70,102,18,164,661,74.61,3.57,1.5,2.19,0.39,3.53,14.21
"06029000504","Census Tract 5.04, Kern County, California","ACSSF","ca","140","00","0003912",,,,,"06","029",,,"000504",,,,,,,,,,,,,,,,,,,,,,,,,,,,,,,,,,,"14000US06029000504","Census Tract 5.04",,,,5022,3507,193,218,16,0,344,744,69.83,3.84,4.34,0.32,0,6.85,14.81
"06029000505","Census Tract 5.05, Kern County, California","ACSSF","ca","140","00","0003913",,,,,"06","029",,,"000505",,,,,,,,,,,,,,,,,,,,,,,,,,,,,,,,,,,"14000US06029000505","Census Tract 5.05",,,,3754,3102,55,0,97,47,137,316,82.63,1.47,0,2.58,1.25,3.65,8.42
"06029000506","Census Tract 5.06, Kern County, California","ACSSF","ca","140","00","0003914",,,,,"06","029",,,"000506",,,,,,,,,,,,,,,,,,,,,,,,,,,,,,,,,,,"14000US06029000506","Census Tract 5.06",,,,2938,2432,2,50,190,0,136,128,82.78,0.07,1.7,6.47,0,4.63,4.36
"06029000507","Census Tract 5.07, Kern County, California","ACSSF","ca","140","00","0003915",,,,,"06","029",,,"000507",,,,,,,,,,,,,,,,,,,,,,,,,,,,,,,,,,,"14000US06029000507","Census Tract 5.07",,,,3797,2753,14,111,142,0,420,357,72.5,0.37,2.92,3.74,0,11.06,9.4
"06029000508","Census Tract 5.08, Kern County, California","ACSSF","ca","140","00","0003916",,,,,"06","029",,,"000508",,,,,,,,,,,,,,,,,,,,,,,,,,,,,,,,,,,"14000US06029000508","Census Tract 5.08",,,,1637,1385,0,0,0,0,71,181,84.61,0,0,0,0,4.34,11.06
"06029000509","Census Tract 5.09, Kern County, California","ACSSF","ca","140","00","0003917",,,,,"06","029",,,"000509",,,,,,,,,,,,,,,,,,,,,,,,,,,,,,,,,,,"14000US06029000509","Census Tract 5.09",,,,2440,1937,26,18,69,0,69,321,79.39,1.07,0.74,2.83,0,2.83,13.16
"06029000510","Census Tract 5.10, Kern County, California","ACSSF","ca","140","00","0003918",,,,,"06","029",,,"000510",,,,,,,,,,,,,,,,,,,,,,,,,,,,,,,,,,,"14000US06029000510","Census Tract 5.10",,,,4397,3068,98,19,499,0,593,120,69.77,2.23,0.43,11.35,0,13.49,2.73
"06029000601","Census Tract 6.01, Kern County, California","ACSSF","ca","140","00","0003919",,,,,"06","029",,,"000601",,,,,,,,,,,,,,,,,,,,,,,,,,,,,,,,,,,"14000US06029000601","Census Tract 6.01",,,,1905,813,361,1,5,22,606,97,42.68,18.95,0.05,0.26,1.15,31.81,5.09
"06029000602","Census Tract 6.02, Kern County, California","ACSSF","ca","140","00","0003920",,,,,"06","029",,,"000602",,,,,,,,,,,,,,,,,,,,,,,,,,,,,,,,,,,"14000US06029000602","Census Tract 6.02",,,,3166,925,1334,0,12,0,491,404,29.22,42.14,0,0.38,0,15.51,12.76
"06029000603","Census Tract 6.03, Kern County, California","ACSSF","ca","140","00","0003921",,,,,"06","029",,,"000603",,,,,,,,,,,,,,,,,,,,,,,,,,,,,,,,,,,"14000US06029000603","Census Tract 6.03",,,,2667,1163,347,0,45,0,729,383,43.61,13.01,0,1.69,0,27.33,14.36
"06029000701","Census Tract 7.01, Kern County, California","ACSSF","ca","140","00","0003922",,,,,"06","029",,,"000701",,,,,,,,,,,,,,,,,,,,,,,,,,,,,,,,,,,"14000US06029000701","Census Tract 7.01",,,,3043,2043,63,183,0,0,586,168,67.14,2.07,6.01,0,0,19.26,5.52
"06029000702","Census Tract 7.02, Kern County, California","ACSSF","ca","140","00","0003923",,,,,"06","029",,,"000702",,,,,,,,,,,,,,,,,,,,,,,,,,,,,,,,,,,"14000US06029000702","Census Tract 7.02",,,,2747,2253,0,4,30,0,282,178,82.02,0,0.15,1.09,0,10.27,6.48
"06029000800","Census Tract 8, Kern County, California","ACSSF","ca","140","00","0003924",,,,,"06","029",,,"000800",,,,,,,,,,,,,,,,,,,,,,,,,,,,,,,,,,,"14000US06029000800","Census Tract 8",,,,5590,3431,223,0,68,0,1470,398,61.38,3.99,0,1.22,0,26.3,7.12
"06029000902","Census Tract 9.02, Kern County, California","ACSSF","ca","140","00","0003925",,,,,"06","029",,,"000902",,,,,,,,,,,,,,,,,,,,,,,,,,,,,,,,,,,"14000US06029000902","Census Tract 9.02",,,,3017,2019,45,15,117,0,674,147,66.92,1.49,0.5,3.88,0,22.34,4.87
"06029000903","Census Tract 9.03, Kern County, California","ACSSF","ca","140","00","0003926",,,,,"06","029",,,"000903",,,,,,,,,,,,,,,,,,,,,,,,,,,,,,,,,,,"14000US06029000903","Census Tract 9.03",,,,4494,2664,278,41,54,0,951,506,59.28,6.19,0.91,1.2,0,21.16,11.26
"06029000904","Census Tract 9.04, Kern County, California","ACSSF","ca","140","00","0003927",,,,,"06","029",,,"000904",,,,,,,,,,,,,,,,,,,,,,,,,,,,,,,,,,,"14000US06029000904","Census Tract 9.04",,,,4200,2642,101,60,139,0,858,400,62.9,2.4,1.43,3.31,0,20.43,9.52
"06029000905","Census Tract 9.05, Kern County, California","ACSSF","ca","140","00","0003928",,,,,"06","029",,,"000905",,,,,,,,,,,,,,,,,,,,,,,,,,,,,,,,,,,"14000US06029000905","Census Tract 9.05",,,,2977,2149,35,0,32,0,414,347,72.19,1.18,0,1.07,0,13.91,11.66
"06029000906","Census Tract 9.06, Kern County, California","ACSSF","ca","140","00","0003929",,,,,"06","029",,,"000906",,,,,,,,,,,,,,,,,,,,,,,,,,,,,,,,,,,"14000US06029000906","Census Tract 9.06",,,,4593,2432,177,57,55,2,687,1183,52.95,3.85,1.24,1.2,0.04,14.96,25.76
"06029000907","Census Tract 9.07, Kern County, California","ACSSF","ca","140","00","0003930",,,,,"06","029",,,"000907",,,,,,,,,,,,,,,,,,,,,,,,,,,,,,,,,,,"14000US06029000907","Census Tract 9.07",,,,2396,1508,192,77,0,20,340,259,62.94,8.01,3.21,0,0.83,14.19,10.81
"06029000908","Census Tract 9.08, Kern County, California","ACSSF","ca","140","00","0003931",,,,,"06","029",,,"000908",,,,,,,,,,,,,,,,,,,,,,,,,,,,,,,,,,,"14000US06029000908","Census Tract 9.08",,,,4800,3926,69,76,34,0,528,167,81.79,1.44,1.58,0.71,0,11,3.48
"06029000909","Census Tract 9.09, Kern County, California","ACSSF","ca","140","00","0003932",,,,,"06","029",,,"000909",,,,,,,,,,,,,,,,,,,,,,,,,,,,,,,,,,,"14000US06029000909","Census Tract 9.09",,,,2604,2102,12,22,0,0,185,283,80.72,0.46,0.84,0,0,7.1,10.87
"06029000911","Census Tract 9.11, Kern County, California","ACSSF","ca","140","00","0003933",,,,,"06","029",,,"000911",,,,,,,,,,,,,,,,,,,,,,,,,,,,,,,,,,,"14000US06029000911","Census Tract 9.11",,,,2253,1004,255,0,241,0,665,88,44.56,11.32,0,10.7,0,29.52,3.91
"06029000912","Census Tract 9.12, Kern County, California","ACSSF","ca","140","00","0003934",,,,,"06","029",,,"000912",,,,,,,,,,,,,,,,,,,,,,,,,,,,,,,,,,,"14000US06029000912","Census Tract 9.12",,,,3808,2184,13,0,667,31,913,0,57.35,0.34,0,17.52,0.81,23.98,0
"06029000913","Census Tract 9.13, Kern County, California","ACSSF","ca","140","00","0003935",,,,,"06","029",,,"000913",,,,,,,,,,,,,,,,,,,,,,,,,,,,,,,,,,,"14000US06029000913","Census Tract 9.13",,,,3360,2401,85,10,290,0,258,316,71.46,2.53,0.3,8.63,0,7.68,9.4
"06029000914","Census Tract 9.14, Kern County, California","ACSSF","ca","140","00","0003936",,,,,"06","029",,,"000914",,,,,,,,,,,,,,,,,,,,,,,,,,,,,,,,,,,"14000US06029000914","Census Tract 9.14",,,,3952,2617,0,139,165,0,943,88,66.22,0,3.52,4.18,0,23.86,2.23
"06029001001","Census Tract 10.01, Kern County, California","ACSSF","ca","140","00","0003937",,,,,"06","029",,,"001001",,,,,,,,,,,,,,,,,,,,,,,,,,,,,,,,,,,"14000US06029001001","Census Tract 10.01",,,,4501,2630,23,0,188,7,1371,282,58.43,0.51,0,4.18,0.16,30.46,6.27
"06029001002","Census Tract 10.02, Kern County, California","ACSSF","ca","140","00","0003938",,,,,"06","029",,,"001002",,,,,,,,,,,,,,,,,,,,,,,,,,,,,,,,,,,"14000US06029001002","Census Tract 10.02",,,,3338,2673,320,0,0,0,149,196,80.08,9.59,0,0,0,4.46,5.87
"06029001003","Census Tract 10.03, Kern County, California","ACSSF","ca","140","00","0003939",,,,,"06","029",,,"001003",,,,,,,,,,,,,,,,,,,,,,,,,,,,,,,,,,,"14000US06029001003","Census Tract 10.03",,,,3113,1162,56,0,34,0,1181,680,37.33,1.8,0,1.09,0,37.94,21.84
"06029001101","Census Tract 11.01, Kern County, California","ACSSF","ca","140","00","0003940",,,,,"06","029",,,"001101",,,,,,,,,,,,,,,,,,,,,,,,,,,,,,,,,,,"14000US06029001101","Census Tract 11.01",,,,6438,3114,180,193,19,6,1538,1388,48.37,2.8,3,0.3,0.09,23.89,21.56
"06029001104","Census Tract 11.04, Kern County, California","ACSSF","ca","140","00","0003941",,,,,"06","029",,,"001104",,,,,,,,,,,,,,,,,,,,,,,,,,,,,,,,,,,"14000US06029001104","Census Tract 11.04",,,,2408,1747,0,228,11,0,193,229,72.55,0,9.47,0.46,0,8.01,9.51
"06029001105","Census Tract 11.05, Kern County, California","ACSSF","ca","140","00","0003942",,,,,"06","029",,,"001105",,,,,,,,,,,,,,,,,,,,,,,,,,,,,,,,,,,"14000US06029001105","Census Tract 11.05",,,,3688,1987,165,88,5,0,1191,252,53.88,4.47,2.39,0.14,0,32.29,6.83
"06029001106","Census Tract 11.06, Kern County, California","ACSSF","ca","140","00","0003943",,,,,"06","029",,,"001106",,,,,,,,,,,,,,,,,,,,,,,,,,,,,,,,,,,"14000US06029001106","Census Tract 11.06",,,,2714,2082,94,143,0,13,286,96,76.71,3.46,5.27,0,0.48,10.54,3.54
"06029001107","Census Tract 11.07, Kern County, California","ACSSF","ca","140","00","0003944",,,,,"06","029",,,"001107",,,,,,,,,,,,,,,,,,,,,,,,,,,,,,,,,,,"14000US06029001107","Census Tract 11.07",,,,3061,1143,47,0,34,0,1275,562,37.34,1.54,0,1.11,0,41.65,18.36
"06029001201","Census Tract 12.01, Kern County, California","ACSSF","ca","140","00","0003945",,,,,"06","029",,,"001201",,,,,,,,,,,,,,,,,,,,,,,,,,,,,,,,,,,"14000US06029001201","Census Tract 12.01",,,,3042,1587,102,43,15,0,994,301,52.17,3.35,1.41,0.49,0,32.68,9.89
"06029001202","Census Tract 12.02, Kern County, California","ACSSF","ca","140","00","0003946",,,,,"06","029",,,"001202",,,,,,,,,,,,,,,,,,,,,,,,,,,,,,,,,,,"14000US06029001202","Census Tract 12.02",,,,6455,4409,705,69,28,0,1015,229,68.3,10.92,1.07,0.43,0,15.72,3.55
"06029001301","Census Tract 13.01, Kern County, California","ACSSF","ca","140","00","0003947",,,,,"06","029",,,"001301",,,,,,,,,,,,,,,,,,,,,,,,,,,,,,,,,,,"14000US06029001301","Census Tract 13.01",,,,4866,1841,390,68,0,0,1219,1348,37.83,8.01,1.4,0,0,25.05,27.7
"06029001302","Census Tract 13.02, Kern County, California","ACSSF","ca","140","00","0003948",,,,,"06","029",,,"001302",,,,,,,,,,,,,,,,,,,,,,,,,,,,,,,,,,,"14000US06029001302","Census Tract 13.02",,,,2487,1632,110,70,61,0,348,266,65.62,4.42,2.81,2.45,0,13.99,10.7
"06029001401","Census Tract 14.01, Kern County, California","ACSSF","ca","140","00","0003949",,,,,"06","029",,,"001401",,,,,,,,,,,,,,,,,,,,,,,,,,,,,,,,,,,"14000US06029001401","Census Tract 14.01",,,,4270,2549,166,0,211,0,505,839,59.7,3.89,0,4.94,0,11.83,19.65
"06029001402","Census Tract 14.02, Kern County, California","ACSSF","ca","140","00","0003950",,,,,"06","029",,,"001402",,,,,,,,,,,,,,,,,,,,,,,,,,,,,,,,,,,"14000US06029001402","Census Tract 14.02",,,,3053,1288,821,135,0,0,767,42,42.19,26.89,4.42,0,0,25.12,1.38
"06029001500","Census Tract 15, Kern County, California","ACSSF","ca","140","00","0003951",,,,,"06","029",,,"001500",,,,,,,,,,,,,,,,,,,,,,,,,,,,,,,,,,,"14000US06029001500","Census Tract 15",,,,2812,1758,298,0,11,0,599,146,62.52,10.6,0,0.39,0,21.3,5.19
"06029001600","Census Tract 16, Kern County, California","ACSSF","ca","140","00","0003952",,,,,"06","029",,,"001600",,,,,,,,,,,,,,,,,,,,,,,,,,,,,,,,,,,"14000US06029001600","Census Tract 16",,,,2299,1107,353,0,108,0,507,224,48.15,15.35,0,4.7,0,22.05,9.74
"06029001700","Census Tract 17, Kern County, California","ACSSF","ca","140","00","0003953",,,,,"06","029",,,"001700",,,,,,,,,,,,,,,,,,,,,,,,,,,,,,,,,,,"14000US06029001700","Census Tract 17",,,,3918,2968,163,0,73,0,421,293,75.75,4.16,0,1.86,0,10.75,7.48
"06029001801","Census Tract 18.01, Kern County, California","ACSSF","ca","140","00","0003954",,,,,"06","029",,,"001801",,,,,,,,,,,,,,,,,,,,,,,,,,,,,,,,,,,"14000US06029001801","Census Tract 18.01",,,,5657,2791,299,27,282,0,1002,1256,49.34,5.29,0.48,4.98,0,17.71,22.2
"06029001803","Census Tract 18.03, Kern County, California","ACSSF","ca","140","00","0003955",,,,,"06","029",,,"001803",,,,,,,,,,,,,,,,,,,,,,,,,,,,,,,,,,,"14000US06029001803","Census Tract 18.03",,,,2680,1784,77,77,0,0,320,422,66.57,2.87,2.87,0,0,11.94,15.75
"06029001804","Census Tract 18.04, Kern County, California","ACSSF","ca","140","00","0003956",,,,,"06","029",,,"001804",,,,,,,,,,,,,,,,,,,,,,,,,,,,,,,,,,,"14000US06029001804","Census Tract 18.04",,,,3429,2265,186,10,558,0,97,313,66.05,5.42,0.29,16.27,0,2.83,9.13
"06029001901","Census Tract 19.01, Kern County, California","ACSSF","ca","140","00","0003957",,,,,"06","029",,,"001901",,,,,,,,,,,,,,,,,,,,,,,,,,,,,,,,,,,"14000US06029001901","Census Tract 19.01",,,,3505,2226,102,13,48,9,884,223,63.51,2.91,0.37,1.37,0.26,25.22,6.36
"06029001902","Census Tract 19.02, Kern County, California","ACSSF","ca","140","00","0003958",,,,,"06","029",,,"001902",,,,,,,,,,,,,,,,,,,,,,,,,,,,,,,,,,,"14000US06029001902","Census Tract 19.02",,,,4334,1903,360,95,79,0,1285,612,43.91,8.31,2.19,1.82,0,29.65,14.12
"06029002001","Census Tract 20.01, Kern County, California","ACSSF","ca","140","00","0003959",,,,,"06","029",,,"002001",,,,,,,,,,,,,,,,,,,,,,,,,,,,,,,,,,,"14000US06029002001","Census Tract 20.01",,,,3412,1043,481,69,31,60,1679,49,30.57,14.1,2.02,0.91,1.76,49.21,1.44
"06029002002","Census Tract 20.02, Kern County, California","ACSSF","ca","140","00","0003960",,,,,"06","029",,,"002002",,,,,,,,,,,,,,,,,,,,,,,,,,,,,,,,,,,"14000US06029002002","Census Tract 20.02",,,,4841,2377,565,11,293,10,960,625,49.1,11.67,0.23,6.05,0.21,19.83,12.91
"06029002100","Census Tract 21, Kern County, California","ACSSF","ca","140","00","0003961",,,,,"06","029",,,"002100",,,,,,,,,,,,,,,,,,,,,,,,,,,,,,,,,,,"14000US06029002100","Census Tract 21",,,,3348,1934,213,24,21,0,887,269,57.77,6.36,0.72,0.63,0,26.49,8.03
"06029002201","Census Tract 22.01, Kern County, California","ACSSF","ca","140","00","0003962",,,,,"06","029",,,"002201",,,,,,,,,,,,,,,,,,,,,,,,,,,,,,,,,,,"14000US06029002201","Census Tract 22.01",,,,2722,1598,60,0,0,0,937,127,58.71,2.2,0,0,0,34.42,4.67
"06029002202","Census Tract 22.02, Kern County, California","ACSSF","ca","140","00","0003963",,,,,"06","029",,,"002202",,,,,,,,,,,,,,,,,,,,,,,,,,,,,,,,,,,"14000US06029002202","Census Tract 22.02",,,,3340,1700,523,0,15,0,682,420,50.9,15.66,0,0.45,0,20.42,12.57
"06029002302","Census Tract 23.02, Kern County, California","ACSSF","ca","140","00","0003964",,,,,"06","029",,,"002302",,,,,,,,,,,,,,,,,,,,,,,,,,,,,,,,,,,"14000US06029002302","Census Tract 23.02",,,,3993,2749,21,70,6,14,665,468,68.85,0.53,1.75,0.15,0.35,16.65,11.72
"06029002303","Census Tract 23.03, Kern County, California","ACSSF","ca","140","00","0003965",,,,,"06","029",,,"002303",,,,,,,,,,,,,,,,,,,,,,,,,,,,,,,,,,,"14000US06029002303","Census Tract 23.03",,,,3723,2583,8,0,0,0,907,225,69.38,0.21,0,0,0,24.36,6.04
"06029002304","Census Tract 23.04, Kern County, California","ACSSF","ca","140","00","0003966",,,,,"06","029",,,"002304",,,,,,,,,,,,,,,,,,,,,,,,,,,,,,,,,,,"14000US06029002304","Census Tract 23.04",,,,4003,2666,364,20,122,0,759,72,66.6,9.09,0.5,3.05,0,18.96,1.8
"06029002305","Census Tract 23.05, Kern County, California","ACSSF","ca","140","00","0003967",,,,,"06","029",,,"002305",,,,,,,,,,,,,,,,,,,,,,,,,,,,,,,,,,,"14000US06029002305","Census Tract 23.05",,,,2395,1836,89,63,0,0,401,6,76.66,3.72,2.63,0,0,16.74,0.25
"06029002401","Census Tract 24.01, Kern County, California","ACSSF","ca","140","00","0003968",,,,,"06","029",,,"002401",,,,,,,,,,,,,,,,,,,,,,,,,,,,,,,,,,,"14000US06029002401","Census Tract 24.01",,,,1736,1247,9,28,0,0,452,0,71.83,0.52,1.61,0,0,26.04,0
"06029002402","Census Tract 24.02, Kern County, California","ACSSF","ca","140","00","0003969",,,,,"06","029",,,"002402",,,,,,,,,,,,,,,,,,,,,,,,,,,,,,,,,,,"14000US06029002402","Census Tract 24.02",,,,4731,3128,161,0,25,0,1036,381,66.12,3.4,0,0.53,0,21.9,8.05
"06029002403","Census Tract 24.03, Kern County, California","ACSSF","ca","140","00","0003970",,,,,"06","029",,,"002403",,,,,,,,,,,,,,,,,,,,,,,,,,,,,,,,,,,"14000US06029002403","Census Tract 24.03",,,,2120,1767,289,0,0,0,0,64,83.35,13.63,0,0,0,0,3.02
"06029002501","Census Tract 25.01, Kern County, California","ACSSF","ca","140","00","0003971",,,,,"06","029",,,"002501",,,,,,,,,,,,,,,,,,,,,,,,,,,,,,,,,,,"14000US06029002501","Census Tract 25.01",,,,4196,2502,767,19,10,0,618,280,59.63,18.28,0.45,0.24,0,14.73,6.67
"06029002502","Census Tract 25.02, Kern County, California","ACSSF","ca","140","00","0003972",,,,,"06","029",,,"002502",,,,,,,,,,,,,,,,,,,,,,,,,,,,,,,,,,,"14000US06029002502","Census Tract 25.02",,,,2069,1454,0,0,22,0,593,0,70.28,0,0,1.06,0,28.66,0
"06029002503","Census Tract 25.03, Kern County, California","ACSSF","ca","140","00","0003973",,,,,"06","029",,,"002503",,,,,,,,,,,,,,,,,,,,,,,,,,,,,,,,,,,"14000US06029002503","Census Tract 25.03",,,,2997,733,891,0,0,0,1373,0,24.46,29.73,0,0,0,45.81,0
"06029002600","Census Tract 26, Kern County, California","ACSSF","ca","140","00","0003974",,,,,"06","029",,,"002600",,,,,,,,,,,,,,,,,,,,,,,,,,,,,,,,,,,"14000US06029002600","Census Tract 26",,,,3586,1431,738,0,63,0,1120,234,39.91,20.58,0,1.76,0,31.23,6.53
"06029002701","Census Tract 27.01, Kern County, California","ACSSF","ca","140","00","0003975",,,,,"06","029",,,"002701",,,,,,,,,,,,,,,,,,,,,,,,,,,,,,,,,,,"14000US06029002701","Census Tract 27.01",,,,2702,2031,157,51,60,0,371,32,75.17,5.81,1.89,2.22,0,13.73,1.18
"06029002702","Census Tract 27.02, Kern County, California","ACSSF","ca","140","00","0003976",,,,,"06","029",,,"002702",,,,,,,,,,,,,,,,,,,,,,,,,,,,,,,,,,,"14000US06029002702","Census Tract 27.02",,,,3055,950,437,52,72,17,1270,257,31.1,14.3,1.7,2.36,0.56,41.57,8.41
"06029002804","Census Tract 28.04, Kern County, California","ACSSF","ca","140","00","0003977",,,,,"06","029",,,"002804",,,,,,,,,,,,,,,,,,,,,,,,,,,,,,,,,,,"14000US06029002804","Census Tract 28.04",,,,2240,1598,21,0,0,0,285,336,71.34,0.94,0,0,0,12.72,15
"06029002806","Census Tract 28.06, Kern County, California","ACSSF","ca","140","00","0003978",,,,,"06","029",,,"002806",,,,,,,,,,,,,,,,,,,,,,,,,,,,,,,,,,,"14000US06029002806","Census Tract 28.06",,,,2308,1079,172,23,521,0,217,296,46.75,7.45,1,22.57,0,9.4,12.82
"06029002807","Census Tract 28.07, Kern County, California","ACSSF","ca","140","00","0003979",,,,,"06","029",,,"002807",,,,,,,,,,,,,,,,,,,,,,,,,,,,,,,,,,,"14000US06029002807","Census Tract 28.07",,,,3935,3058,128,0,173,0,511,65,77.71,3.25,0,4.4,0,12.99,1.65
"06029002811","Census Tract 28.11, Kern County, California","ACSSF","ca","140","00","0003980",,,,,"06","029",,,"002811",,,,,,,,,,,,,,,,,,,,,,,,,,,,,,,,,,,"14000US06029002811","Census Tract 28.11",,,,3342,2255,27,0,946,0,58,56,67.47,0.81,0,28.31,0,1.74,1.68
"06029002813","Census Tract 28.13, Kern County, California","ACSSF","ca","140","00","0003981",,,,,"06","029",,,"002813",,,,,,,,,,,,,,,,,,,,,,,,,,,,,,,,,,,"14000US06029002813","Census Tract 28.13",,,,4244,2201,752,8,172,7,585,519,51.86,17.72,0.19,4.05,0.16,13.78,12.23
"06029002814","Census Tract 28.14, Kern County, California","ACSSF","ca","140","00","0003982",,,,,"06","029",,,"002814",,,,,,,,,,,,,,,,,,,,,,,,,,,,,,,,,,,"14000US06029002814","Census Tract 28.14",,,,4416,2157,575,11,151,0,621,901,48.85,13.02,0.25,3.42,0,14.06,20.4
"06029002815","Census Tract 28.15, Kern County, California","ACSSF","ca","140","00","0003983",,,,,"06","029",,,"002815",,,,,,,,,,,,,,,,,,,,,,,,,,,,,,,,,,,"14000US06029002815","Census Tract 28.15",,,,4924,2394,884,41,187,0,391,1027,48.62,17.95,0.83,3.8,0,7.94,20.86
"06029002816","Census Tract 28.16, Kern County, California","ACSSF","ca","140","00","0003984",,,,,"06","029",,,"002816",,,,,,,,,,,,,,,,,,,,,,,,,,,,,,,,,,,"14000US06029002816","Census Tract 28.16",,,,7069,3692,264,156,379,0,708,1870,52.23,3.73,2.21,5.36,0,10.02,26.45
"06029002817","Census Tract 28.17, Kern County, California","ACSSF","ca","140","00","0003985",,,,,"06","029",,,"002817",,,,,,,,,,,,,,,,,,,,,,,,,,,,,,,,,,,"14000US06029002817","Census Tract 28.17",,,,5284,2623,1069,42,242,0,487,821,49.64,20.23,0.79,4.58,0,9.22,15.54
"06029002818","Census Tract 28.18, Kern County, California","ACSSF","ca","140","00","0003986",,,,,"06","029",,,"002818",,,,,,,,,,,,,,,,,,,,,,,,,,,,,,,,,,,"14000US06029002818","Census Tract 28.18",,,,5017,2612,483,0,51,0,332,1539,52.06,9.63,0,1.02,0,6.62,30.68
"06029002819","Census Tract 28.19, Kern County, California","ACSSF","ca","140","00","0003987",,,,,"06","029",,,"002819",,,,,,,,,,,,,,,,,,,,,,,,,,,,,,,,,,,"14000US06029002819","Census Tract 28.19",,,,4673,2646,463,98,346,0,303,817,56.62,9.91,2.1,7.4,0,6.48,17.48
"06029002820","Census Tract 28.20, Kern County, California","ACSSF","ca","140","00","0003988",,,,,"06","029",,,"002820",,,,,,,,,,,,,,,,,,,,,,,,,,,,,,,,,,,"14000US06029002820","Census Tract 28.20",,,,7084,3941,977,25,855,33,349,904,55.63,13.79,0.35,12.07,0.47,4.93,12.76
"06029002821","Census Tract 28.21, Kern County, California","ACSSF","ca","140","00","0003989",,,,,"06","029",,,"002821",,,,,,,,,,,,,,,,,,,,,,,,,,,,,,,,,,,"14000US06029002821","Census Tract 28.21",,,,4730,3406,585,35,75,0,395,234,72.01,12.37,0.74,1.59,0,8.35,4.95
"06029002822","Census Tract 28.22, Kern County, California","ACSSF","ca","140","00","0003990",,,,,"06","029",,,"002822",,,,,,,,,,,,,,,,,,,,,,,,,,,,,,,,,,,"14000US06029002822","Census Tract 28.22",,,,3435,1923,122,118,383,0,189,700,55.98,3.55,3.44,11.15,0,5.5,20.38
"06029002823","Census Tract 28.23, Kern County, California","ACSSF","ca","140","00","0003991",,,,,"06","029",,,"002823",,,,,,,,,,,,,,,,,,,,,,,,,,,,,,,,,,,"14000US06029002823","Census Tract 28.23",,,,4653,3052,55,80,106,0,413,947,65.59,1.18,1.72,2.28,0,8.88,20.35
"06029002824","Census Tract 28.24, Kern County, California","ACSSF","ca","140","00","0003992",,,,,"06","029",,,"002824",,,,,,,,,,,,,,,,,,,,,,,,,,,,,,,,,,,"14000US06029002824","Census Tract 28.24",,,,2111,1347,144,43,51,0,205,321,63.81,6.82,2.04,2.42,0,9.71,15.21
"06029002825","Census Tract 28.25, Kern County, California","ACSSF","ca","140","00","0003993",,,,,"06","029",,,"002825",,,,,,,,,,,,,,,,,,,,,,,,,,,,,,,,,,,"14000US06029002825","Census Tract 28.25",,,,2917,1864,130,27,51,10,275,560,63.9,4.46,0.93,1.75,0.34,9.43,19.2
"06029002901","Census Tract 29.01, Kern County, California","ACSSF","ca","140","00","0003994",,,,,"06","029",,,"002901",,,,,,,,,,,,,,,,,,,,,,,,,,,,,,,,,,,"14000US06029002901","Census Tract 29.01",,,,3498,1443,3,0,133,0,780,1139,41.25,0.09,0,3.8,0,22.3,32.56
"06029002902","Census Tract 29.02, Kern County, California","ACSSF","ca","140","00","0003995",,,,,"06","029",,,"002902",,,,,,,,,,,,,,,,,,,,,,,,,,,,,,,,,,,"14000US06029002902","Census Tract 29.02",,,,3979,1976,215,106,17,0,1054,611,49.66,5.4,2.66,0.43,0,26.49,15.36
"06029003001","Census Tract 30.01, Kern County, California","ACSSF","ca","140","00","0003996",,,,,"06","029",,,"003001",,,,,,,,,,,,,,,,,,,,,,,,,,,,,,,,,,,"14000US06029003001","Census Tract 30.01",,,,3959,1733,256,55,59,0,1555,301,43.77,6.47,1.39,1.49,0,39.28,7.6
"06029003002","Census Tract 30.02, Kern County, California","ACSSF","ca","140","00","0003997",,,,,"06","029",,,"003002",,,,,,,,,,,,,,,,,,,,,,,,,,,,,,,,,,,"14000US06029003002","Census Tract 30.02",,,,3560,2060,99,0,18,11,855,517,57.87,2.78,0,0.51,0.31,24.02,14.52
"06029003103","Census Tract 31.03, Kern County, California","ACSSF","ca","140","00","0003998",,,,,"06","029",,,"003103",,,,,,,,,,,,,,,,,,,,,,,,,,,,,,,,,,,"14000US06029003103","Census Tract 31.03",,,,4053,3224,133,0,0,0,548,148,79.55,3.28,0,0,0,13.52,3.65
"06029003112","Census Tract 31.12, Kern County, California","ACSSF","ca","140","00","0003999",,,,,"06","029",,,"003112",,,,,,,,,,,,,,,,,,,,,,,,,,,,,,,,,,,"14000US06029003112","Census Tract 31.12",,,,5865,3223,530,46,343,0,600,1123,54.95,9.04,0.78,5.85,0,10.23,19.15
"06029003113","Census Tract 31.13, Kern County, California","ACSSF","ca","140","00","0004000",,,,,"06","029",,,"003113",,,,,,,,,,,,,,,,,,,,,,,,,,,,,,,,,,,"14000US06029003113","Census Tract 31.13",,,,5371,2202,631,106,186,6,1540,700,41,11.75,1.97,3.46,0.11,28.67,13.03
"06029003124","Census Tract 31.24, Kern County, California","ACSSF","ca","140","00","0004001",,,,,"06","029",,,"003124",,,,,,,,,,,,,,,,,,,,,,,,,,,,,,,,,,,"14000US06029003124","Census Tract 31.24",,,,6359,3830,957,13,146,3,668,742,60.23,15.05,0.2,2.3,0.05,10.5,11.67
"06029003125","Census Tract 31.25, Kern County, California","ACSSF","ca","140","00","0004002",,,,,"06","029",,,"003125",,,,,,,,,,,,,,,,,,,,,,,,,,,,,,,,,,,"14000US06029003125","Census Tract 31.25",,,,3106,1422,34,0,221,0,1071,358,45.78,1.09,0,7.12,0,34.48,11.53
"06029003126","Census Tract 31.26, Kern County, California","ACSSF","ca","140","00","0004003",,,,,"06","029",,,"003126",,,,,,,,,,,,,,,,,,,,,,,,,,,,,,,,,,,"14000US06029003126","Census Tract 31.26",,,,5977,3926,664,0,24,2,811,550,65.69,11.11,0,0.4,0.03,13.57,9.2
"06029003127","Census Tract 31.27, Kern County, California","ACSSF","ca","140","00","0004004",,,,,"06","029",,,"003127",,,,,,,,,,,,,,,,,,,,,,,,,,,,,,,,,,,"14000US06029003127","Census Tract 31.27",,,,4179,3093,64,309,0,0,353,360,74.01,1.53,7.39,0,0,8.45,8.61
"06029003128","Census Tract 31.28, Kern County, California","ACSSF","ca","140","00","0004005",,,,,"06","029",,,"003128",,,,,,,,,,,,,,,,,,,,,,,,,,,,,,,,,,,"14000US06029003128","Census Tract 31.28",,,,4437,2291,240,12,359,0,879,656,51.63,5.41,0.27,8.09,0,19.81,14.78
"06029003129","Census Tract 31.29, Kern County, California","ACSSF","ca","140","00","0004006",,,,,"06","029",,,"003129",,,,,,,,,,,,,,,,,,,,,,,,,,,,,,,,,,,"14000US06029003129","Census Tract 31.29",,,,3778,1895,297,0,547,0,274,765,50.16,7.86,0,14.48,0,7.25,20.25
"06029003130","Census Tract 31.30, Kern County, California","ACSSF","ca","140","00","0004007",,,,,"06","029",,,"003130",,,,,,,,,,,,,,,,,,,,,,,,,,,,,,,,,,,"14000US06029003130","Census Tract 31.30",,,,4745,1901,468,1,144,0,350,1881,40.06,9.86,0.02,3.03,0,7.38,39.64
"06029003131","Census Tract 31.31, Kern County, California","ACSSF","ca","140","00","0004008",,,,,"06","029",,,"003131",,,,,,,,,,,,,,,,,,,,,,,,,,,,,,,,,,,"14000US06029003131","Census Tract 31.31",,,,3294,2541,0,0,72,0,586,95,77.14,0,0,2.19,0,17.79,2.88
"06029003132","Census Tract 31.32, Kern County, California","ACSSF","ca","140","00","0004009",,,,,"06","029",,,"003132",,,,,,,,,,,,,,,,,,,,,,,,,,,,,,,,,,,"14000US06029003132","Census Tract 31.32",,,,5065,2723,236,0,345,8,1441,312,53.76,4.66,0,6.81,0.16,28.45,6.16
"06029003133","Census Tract 31.33, Kern County, California","ACSSF","ca","140","00","0004010",,,,,"06","029",,,"003133",,,,,,,,,,,,,,,,,,,,,,,,,,,,,,,,,,,"14000US06029003133","Census Tract 31.33",,,,2760,1643,224,150,0,0,272,471,59.53,8.12,5.43,0,0,9.86,17.07
"06029003134","Census Tract 31.34, Kern County, California","ACSSF","ca","140","00","0004011",,,,,"06","029",,,"003134",,,,,,,,,,,,,,,,,,,,,,,,,,,,,,,,,,,"14000US06029003134","Census Tract 31.34",,,,3499,2788,9,1,617,22,1,61,79.68,0.26,0.03,17.63,0.63,0.03,1.74
"06029003135","Census Tract 31.35, Kern County, California","ACSSF","ca","140","00","0004012",,,,,"06","029",,,"003135",,,,,,,,,,,,,,,,,,,,,,,,,,,,,,,,,,,"14000US06029003135","Census Tract 31.35",,,,4234,2120,317,0,553,0,420,824,50.07,7.49,0,13.06,0,9.92,19.46
"06029003136","Census Tract 31.36, Kern County, California","ACSSF","ca","140","00","0004013",,,,,"06","029",,,"003136",,,,,,,,,,,,,,,,,,,,,,,,,,,,,,,,,,,"14000US06029003136","Census Tract 31.36",,,,1750,985,9,10,6,23,508,209,56.29,0.51,0.57,0.34,1.31,29.03,11.94
"06029003137","Census Tract 31.37, Kern County, California","ACSSF","ca","140","00","0004014",,,,,"06","029",,,"003137",,,,,,,,,,,,,,,,,,,,,,,,,,,,,,,,,,,"14000US06029003137","Census Tract 31.37",,,,3520,1320,111,117,116,0,1305,551,37.5,3.15,3.32,3.3,0,37.07,15.65
"06029003203","Census Tract 32.03, Kern County, California","ACSSF","ca","140","00","0004015",,,,,"06","029",,,"003203",,,,,,,,,,,,,,,,,,,,,,,,,,,,,,,,,,,"14000US06029003203","Census Tract 32.03",,,,2098,1715,0,80,128,0,96,79,81.74,0,3.81,6.1,0,4.58,3.77
"06029003207","Census Tract 32.07, Kern County, California","ACSSF","ca","140","00","0004016",,,,,"06","029",,,"003207",,,,,,,,,,,,,,,,,,,,,,,,,,,,,,,,,,,"14000US06029003207","Census Tract 32.07",,,,5113,3025,285,0,906,43,544,310,59.16,5.57,0,17.72,0.84,10.64,6.06
"06029003208","Census Tract 32.08, Kern County, California","ACSSF","ca","140","00","0004017",,,,,"06","029",,,"003208",,,,,,,,,,,,,,,,,,,,,,,,,,,,,,,,,,,"14000US06029003208","Census Tract 32.08",,,,6995,4181,495,0,133,0,1503,683,59.77,7.08,0,1.9,0,21.49,9.76
"06029003209","Census Tract 32.09, Kern County, California","ACSSF","ca","140","00","0004018",,,,,"06","029",,,"003209",,,,,,,,,,,,,,,,,,,,,,,,,,,,,,,,,,,"14000US06029003209","Census Tract 32.09",,,,4529,2220,0,37,642,0,180,1450,49.02,0,0.82,14.18,0,3.97,32.02
"06029003210","Census Tract 32.10, Kern County, California","ACSSF","ca","140","00","0004019",,,,,"06","029",,,"003210",,,,,,,,,,,,,,,,,,,,,,,,,,,,,,,,,,,"14000US06029003210","Census Tract 32.10",,,,4840,2676,431,7,559,0,332,835,55.29,8.9,0.14,11.55,0,6.86,17.25
"06029003211","Census Tract 32.11, Kern County, California","ACSSF","ca","140","00","0004020",,,,,"06","029",,,"003211",,,,,,,,,,,,,,,,,,,,,,,,,,,,,,,,,,,"14000US06029003211","Census Tract 32.11",,,,5117,2952,908,33,676,0,383,165,57.69,17.74,0.64,13.21,0,7.48,3.22
"06029003212","Census Tract 32.12, Kern County, California","ACSSF","ca","140","00","0004021",,,,,"06","029",,,"003212",,,,,,,,,,,,,,,,,,,,,,,,,,,,,,,,,,,"14000US06029003212","Census Tract 32.12",,,,5782,2940,184,12,2170,0,139,337,50.85,3.18,0.21,37.53,0,2.4,5.83
"06029003213","Census Tract 32.13, Kern County, California","ACSSF","ca","140","00","0004022",,,,,"06","029",,,"003213",,,,,,,,,,,,,,,,,,,,,,,,,,,,,,,,,,,"14000US06029003213","Census Tract 32.13",,,,1492,894,0,0,469,0,15,114,59.92,0,0,31.43,0,1.01,7.64
"06029003214","Census Tract 32.14, Kern County, California","ACSSF","ca","140","00","0004023",,,,,"06","029",,,"003214",,,,,,,,,,,,,,,,,,,,,,,,,,,,,,,,,,,"14000US06029003214","Census Tract 32.14",,,,1653,1252,58,0,0,0,343,0,75.74,3.51,0,0,0,20.75,0
"06029003215","Census Tract 32.15, Kern County, California","ACSSF","ca","140","00","0004024",,,,,"06","029",,,"003215",,,,,,,,,,,,,,,,,,,,,,,,,,,,,,,,,,,"14000US06029003215","Census Tract 32.15",,,,4165,2847,645,0,109,0,210,354,68.36,15.49,0,2.62,0,5.04,8.5
"06029003216","Census Tract 32.16, Kern County, California","ACSSF","ca","140","00","0004025",,,,,"06","029",,,"003216",,,,,,,,,,,,,,,,,,,,,,,,,,,,,,,,,,,"14000US06029003216","Census Tract 32.16",,,,3981,2128,193,31,1320,0,251,58,53.45,4.85,0.78,33.16,0,6.3,1.46
"06029003217","Census Tract 32.17, Kern County, California","ACSSF","ca","140","00","0004026",,,,,"06","029",,,"003217",,,,,,,,,,,,,,,,,,,,,,,,,,,,,,,,,,,"14000US06029003217","Census Tract 32.17",,,,3834,1646,150,0,290,0,405,1343,42.93,3.91,0,7.56,0,10.56,35.03
"06029003218","Census Tract 32.18, Kern County, California","ACSSF","ca","140","00","0004027",,,,,"06","029",,,"003218",,,,,,,,,,,,,,,,,,,,,,,,,,,,,,,,,,,"14000US06029003218","Census Tract 32.18",,,,5685,3146,41,311,1182,65,677,263,55.34,0.72,5.47,20.79,1.14,11.91,4.63
"06029003219","Census Tract 32.19, Kern County, California","ACSSF","ca","140","00","0004028",,,,,"06","029",,,"003219",,,,,,,,,,,,,,,,,,,,,,,,,,,,,,,,,,,"14000US06029003219","Census Tract 32.19",,,,5916,3105,65,0,810,0,435,1501,52.48,1.1,0,13.69,0,7.35,25.37
"06029003220","Census Tract 32.20, Kern County, California","ACSSF","ca","140","00","0004029",,,,,"06","029",,,"003220",,,,,,,,,,,,,,,,,,,,,,,,,,,,,,,,,,,"14000US06029003220","Census Tract 32.20",,,,4227,1696,31,0,774,105,527,1094,40.12,0.73,0,18.31,2.48,12.47,25.88
"06029003221","Census Tract 32.21, Kern County, California","ACSSF","ca","140","00","0004030",,,,,"06","029",,,"003221",,,,,,,,,,,,,,,,,,,,,,,,,,,,,,,,,,,"14000US06029003221","Census Tract 32.21",,,,2870,1449,70,0,662,0,103,586,50.49,2.44,0,23.07,0,3.59,20.42
"06029003222","Census Tract 32.22, Kern County, California","ACSSF","ca","140","00","0004031",,,,,"06","029",,,"003222",,,,,,,,,,,,,,,,,,,,,,,,,,,,,,,,,,,"14000US06029003222","Census Tract 32.22",,,,2213,1017,186,8,0,0,865,137,45.96,8.4,0.36,0,0,39.09,6.19
"06029003303","Census Tract 33.03, Kern County, California","ACSSF","ca","140","00","0004032",,,,,"06","029",,,"003303",,,,,,,,,,,,,,,,,,,,,,,,,,,,,,,,,,,"14000US06029003303","Census Tract 33.03",,,,1542,1290,0,18,11,0,108,115,83.66,0,1.17,0.71,0,7,7.46
"06029003304","Census Tract 33.04, Kern County, California","ACSSF","ca","140","00","0004033",,,,,"06","029",,,"003304",,,,,,,,,,,,,,,,,,,,,,,,,,,,,,,,,,,"14000US06029003304","Census Tract 33.04",,,,2559,1835,76,31,15,14,294,294,71.71,2.97,1.21,0.59,0.55,11.49,11.49
"06029003305","Census Tract 33.05, Kern County, California","ACSSF","ca","140","00","0004034",,,,,"06","029",,,"003305",,,,,,,,,,,,,,,,,,,,,,,,,,,,,,,,,,,"14000US06029003305","Census Tract 33.05",,,,3779,3522,0,0,19,0,123,115,93.2,0,0,0.5,0,3.25,3.04
"06029003307","Census Tract 33.07, Kern County, California","ACSSF","ca","140","00","0004035",,,,,"06","029",,,"003307",,,,,,,,,,,,,,,,,,,,,,,,,,,,,,,,,,,"14000US06029003307","Census Tract 33.07",,,,2265,1648,0,44,315,0,117,141,72.76,0,1.94,13.91,0,5.17,6.23
"06029003308","Census Tract 33.08, Kern County, California","ACSSF","ca","140","00","0004036",,,,,"06","029",,,"003308",,,,,,,,,,,,,,,,,,,,,,,,,,,,,,,,,,,"14000US06029003308","Census Tract 33.08",,,,2021,1676,0,164,109,0,0,72,82.93,0,8.11,5.39,0,0,3.56
"06029003400","Census Tract 34, Kern County, California","ACSSF","ca","140","00","0004037",,,,,"06","029",,,"003400",,,,,,,,,,,,,,,,,,,,,,,,,,,,,,,,,,,"14000US06029003400","Census Tract 34",,,,4327,2970,0,25,85,10,666,571,68.64,0,0.58,1.96,0.23,15.39,13.2
"06029003500","Census Tract 35, Kern County, California","ACSSF","ca","140","00","0004038",,,,,"06","029",,,"003500",,,,,,,,,,,,,,,,,,,,,,,,,,,,,,,,,,,"14000US06029003500","Census Tract 35",,,,8189,6938,52,0,201,6,527,465,84.72,0.63,0,2.45,0.07,6.44,5.68
"06029003600","Census Tract 36, Kern County, California","ACSSF","ca","140","00","0004039",,,,,"06","029",,,"003600",,,,,,,,,,,,,,,,,,,,,,,,,,,,,,,,,,,"14000US06029003600","Census Tract 36",,,,4082,2906,0,11,0,0,697,468,71.19,0,0.27,0,0,17.07,11.46
"06029003806","Census Tract 38.06, Kern County, California","ACSSF","ca","140","00","0004040",,,,,"06","029",,,"003806",,,,,,,,,,,,,,,,,,,,,,,,,,,,,,,,,,,"14000US06029003806","Census Tract 38.06",,,,5398,3229,302,59,694,0,385,729,59.82,5.59,1.09,12.86,0,7.13,13.51
"06029003807","Census Tract 38.07, Kern County, California","ACSSF","ca","140","00","0004041",,,,,"06","029",,,"003807",,,,,,,,,,,,,,,,,,,,,,,,,,,,,,,,,,,"14000US06029003807","Census Tract 38.07",,,,3704,2907,9,50,13,0,191,534,78.48,0.24,1.35,0.35,0,5.16,14.42
"06029003808","Census Tract 38.08, Kern County, California","ACSSF","ca","140","00","0004042",,,,,"06","029",,,"003808",,,,,,,,,,,,,,,,,,,,,,,,,,,,,,,,,,,"14000US06029003808","Census Tract 38.08",,,,4615,2719,282,0,258,0,208,1148,58.92,6.11,0,5.59,0,4.51,24.88
"06029003810","Census Tract 38.10, Kern County, California","ACSSF","ca","140","00","0004043",,,,,"06","029",,,"003810",,,,,,,,,,,,,,,,,,,,,,,,,,,,,,,,,,,"14000US06029003810","Census Tract 38.10",,,,2491,1949,86,13,90,0,106,247,78.24,3.45,0.52,3.61,0,4.26,9.92
"06029003811","Census Tract 38.11, Kern County, California","ACSSF","ca","140","00","0004044",,,,,"06","029",,,"003811",,,,,,,,,,,,,,,,,,,,,,,,,,,,,,,,,,,"14000US06029003811","Census Tract 38.11",,,,2358,1674,53,0,112,0,157,362,70.99,2.25,0,4.75,0,6.66,15.35
"06029003812","Census Tract 38.12, Kern County, California","ACSSF","ca","140","00","0004045",,,,,"06","029",,,"003812",,,,,,,,,,,,,,,,,,,,,,,,,,,,,,,,,,,"14000US06029003812","Census Tract 38.12",,,,4887,3358,51,1,433,44,761,239,68.71,1.04,0.02,8.86,0.9,15.57,4.89
"06029003814","Census Tract 38.14, Kern County, California","ACSSF","ca","140","00","0004046",,,,,"06","029",,,"003814",,,,,,,,,,,,,,,,,,,,,,,,,,,,,,,,,,,"14000US06029003814","Census Tract 38.14",,,,6834,4841,171,0,241,0,473,1108,70.84,2.5,0,3.53,0,6.92,16.21
"06029003815","Census Tract 38.15, Kern County, California","ACSSF","ca","140","00","0004047",,,,,"06","029",,,"003815",,,,,,,,,,,,,,,,,,,,,,,,,,,,,,,,,,,"14000US06029003815","Census Tract 38.15",,,,6219,4202,172,0,507,0,496,842,67.57,2.77,0,8.15,0,7.98,13.54
"06029003816","Census Tract 38.16, Kern County, California","ACSSF","ca","140","00","0004048",,,,,"06","029",,,"003816",,,,,,,,,,,,,,,,,,,,,,,,,,,,,,,,,,,"14000US06029003816","Census Tract 38.16",,,,3974,2793,115,0,58,0,368,640,70.28,2.89,0,1.46,0,9.26,16.1
"06029003817","Census Tract 38.17, Kern County, California","ACSSF","ca","140","00","0004049",,,,,"06","029",,,"003817",,,,,,,,,,,,,,,,,,,,,,,,,,,,,,,,,,,"14000US06029003817","Census Tract 38.17",,,,3707,3160,118,1,74,1,188,165,85.24,3.18,0.03,2,0.03,5.07,4.45
"06029003818","Census Tract 38.18, Kern County, California","ACSSF","ca","140","00","0004050",,,,,"06","029",,,"003818",,,,,,,,,,,,,,,,,,,,,,,,,,,,,,,,,,,"14000US06029003818","Census Tract 38.18",,,,5452,3867,438,35,532,0,202,378,70.93,8.03,0.64,9.76,0,3.71,6.93
"06029003819","Census Tract 38.19, Kern County, California","ACSSF","ca","140","00","0004051",,,,,"06","029",,,"003819",,,,,,,,,,,,,,,,,,,,,,,,,,,,,,,,,,,"14000US06029003819","Census Tract 38.19",,,,4619,3551,90,30,640,0,123,185,76.88,1.95,0.65,13.86,0,2.66,4.01
"06029003820","Census Tract 38.20, Kern County, California","ACSSF","ca","140","00","0004052",,,,,"06","029",,,"003820",,,,,,,,,,,,,,,,,,,,,,,,,,,,,,,,,,,"14000US06029003820","Census Tract 38.20",,,,2732,2090,5,5,128,0,145,359,76.5,0.18,0.18,4.69,0,5.31,13.14
"06029003821","Census Tract 38.21, Kern County, California","ACSSF","ca","140","00","0004053",,,,,"06","029",,,"003821",,,,,,,,,,,,,,,,,,,,,,,,,,,,,,,,,,,"14000US06029003821","Census Tract 38.21",,,,4418,2335,114,44,779,96,362,688,52.85,2.58,1,17.63,2.17,8.19,15.57
"06029003822","Census Tract 38.22, Kern County, California","ACSSF","ca","140","00","0004054",,,,,"06","029",,,"003822",,,,,,,,,,,,,,,,,,,,,,,,,,,,,,,,,,,"14000US06029003822","Census Tract 38.22",,,,3004,2458,114,63,31,0,302,36,81.82,3.79,2.1,1.03,0,10.05,1.2
"06029003823","Census Tract 38.23, Kern County, California","ACSSF","ca","140","00","0004055",,,,,"06","029",,,"003823",,,,,,,,,,,,,,,,,,,,,,,,,,,,,,,,,,,"14000US06029003823","Census Tract 38.23",,,,4154,3241,190,113,83,25,157,345,78.02,4.57,2.72,2,0.6,3.78,8.31
"06029003824","Census Tract 38.24, Kern County, California","ACSSF","ca","140","00","0004056",,,,,"06","029",,,"003824",,,,,,,,,,,,,,,,,,,,,,,,,,,,,,,,,,,"14000US06029003824","Census Tract 38.24",,,,2652,1922,0,41,35,0,87,567,72.47,0,1.55,1.32,0,3.28,21.38
"06029003825","Census Tract 38.25, Kern County, California","ACSSF","ca","140","00","0004057",,,,,"06","029",,,"003825",,,,,,,,,,,,,,,,,,,,,,,,,,,,,,,,,,,"14000US06029003825","Census Tract 38.25",,,,2879,2189,89,37,360,0,48,156,76.03,3.09,1.29,12.5,0,1.67,5.42
"06029003826","Census Tract 38.26, Kern County, California","ACSSF","ca","140","00","0004058",,,,,"06","029",,,"003826",,,,,,,,,,,,,,,,,,,,,,,,,,,,,,,,,,,"14000US06029003826","Census Tract 38.26",,,,2723,1957,105,98,45,26,102,390,71.87,3.86,3.6,1.65,0.95,3.75,14.32
"06029003827","Census Tract 38.27, Kern County, California","ACSSF","ca","140","00","0004059",,,,,"06","029",,,"003827",,,,,,,,,,,,,,,,,,,,,,,,,,,,,,,,,,,"14000US06029003827","Census Tract 38.27",,,,2366,1793,146,0,87,15,86,239,75.78,6.17,0,3.68,0.63,3.63,10.1
"06029003900","Census Tract 39, Kern County, California","ACSSF","ca","140","00","0004060",,,,,"06","029",,,"003900",,,,,,,,,,,,,,,,,,,,,,,,,,,,,,,,,,,"14000US06029003900","Census Tract 39",,,,3230,1805,271,15,44,0,557,538,55.88,8.39,0.46,1.36,0,17.24,16.66
"06029004001","Census Tract 40.01, Kern County, California","ACSSF","ca","140","00","0004061",,,,,"06","029",,,"004001",,,,,,,,,,,,,,,,,,,,,,,,,,,,,,,,,,,"14000US06029004001","Census Tract 40.01",,,,4578,2462,197,8,37,3,623,1248,53.78,4.3,0.17,0.81,0.07,13.61,27.26
"06029004002","Census Tract 40.02, Kern County, California","ACSSF","ca","140","00","0004062",,,,,"06","029",,,"004002",,,,,,,,,,,,,,,,,,,,,,,,,,,,,,,,,,,"14000US06029004002","Census Tract 40.02",,,,4074,2449,78,12,17,0,767,751,60.11,1.91,0.29,0.42,0,18.83,18.43
"06029004101","Census Tract 41.01, Kern County, California","ACSSF","ca","140","00","0004063",,,,,"06","029",,,"004101",,,,,,,,,,,,,,,,,,,,,,,,,,,,,,,,,,,"14000US06029004101","Census Tract 41.01",,,,6054,4271,24,85,12,0,880,782,70.55,0.4,1.4,0.2,0,14.54,12.92
"06029004102","Census Tract 41.02, Kern County, California","ACSSF","ca","140","00","0004064",,,,,"06","029",,,"004102",,,,,,,,,,,,,,,,,,,,,,,,,,,,,,,,,,,"14000US06029004102","Census Tract 41.02",,,,5033,3205,0,22,0,0,882,924,63.68,0,0.44,0,0,17.52,18.36
"06029004302","Census Tract 43.02, Kern County, California","ACSSF","ca","140","00","0004065",,,,,"06","029",,,"004302",,,,,,,,,,,,,,,,,,,,,,,,,,,,,,,,,,,"14000US06029004302","Census Tract 43.02",,,,5469,2974,1163,87,67,30,458,690,54.38,21.27,1.59,1.23,0.55,8.37,12.62
"06029004303","Census Tract 43.03, Kern County, California","ACSSF","ca","140","00","0004066",,,,,"06","029",,,"004303",,,,,,,,,,,,,,,,,,,,,,,,,,,,,,,,,,,"14000US06029004303","Census Tract 43.03",,,,5282,2173,39,52,152,0,900,1966,41.14,0.74,0.98,2.88,0,17.04,37.22
"06029004304","Census Tract 43.04, Kern County, California","ACSSF","ca","140","00","0004067",,,,,"06","029",,,"004304",,,,,,,,,,,,,,,,,,,,,,,,,,,,,,,,,,,"14000US06029004304","Census Tract 43.04",,,,2542,1040,0,0,0,0,457,1045,40.91,0,0,0,0,17.98,41.11
"06029004305","Census Tract 43.05, Kern County, California","ACSSF","ca","140","00","0004068",,,,,"06","029",,,"004305",,,,,,,,,,,,,,,,,,,,,,,,,,,,,,,,,,,"14000US06029004305","Census Tract 43.05",,,,1808,1349,0,0,40,0,419,0,74.61,0,0,2.21,0,23.17,0
"06029004402","Census Tract 44.02, Kern County, California","ACSSF","ca","140","00","0004069",,,,,"06","029",,,"004402",,,,,,,,,,,,,,,,,,,,,,,,,,,,,,,,,,,"14000US06029004402","Census Tract 44.02",,,,4958,2546,121,39,9,10,457,1776,51.35,2.44,0.79,0.18,0.2,9.22,35.82
"06029004403","Census Tract 44.03, Kern County, California","ACSSF","ca","140","00","0004070",,,,,"06","029",,,"004403",,,,,,,,,,,,,,,,,,,,,,,,,,,,,,,,,,,"14000US06029004403","Census Tract 44.03",,,,2928,1798,31,0,18,0,747,334,61.41,1.06,0,0.61,0,25.51,11.41
"06029004404","Census Tract 44.04, Kern County, California","ACSSF","ca","140","00","0004071",,,,,"06","029",,,"004404",,,,,,,,,,,,,,,,,,,,,,,,,,,,,,,,,,,"14000US06029004404","Census Tract 44.04",,,,4488,2567,228,0,0,0,552,1141,57.2,5.08,0,0,0,12.3,25.42
"06029004500","Census Tract 45, Kern County, California","ACSSF","ca","140","00","0004072",,,,,"06","029",,,"004500",,,,,,,,,,,,,,,,,,,,,,,,,,,,,,,,,,,"14000US06029004500","Census Tract 45",,,,2864,1634,0,2,15,0,329,884,57.05,0,0.07,0.52,0,11.49,30.87
"06029004601","Census Tract 46.01, Kern County, California","ACSSF","ca","140","00","0004073",,,,,"06","029",,,"004601",,,,,,,,,,,,,,,,,,,,,,,,,,,,,,,,,,,"14000US06029004601","Census Tract 46.01",,,,4401,1790,1253,75,61,20,745,457,40.67,28.47,1.7,1.39,0.45,16.93,10.38
"06029004603","Census Tract 46.03, Kern County, California","ACSSF","ca","140","00","0004074",,,,,"06","029",,,"004603",,,,,,,,,,,,,,,,,,,,,,,,,,,,,,,,,,,"14000US06029004603","Census Tract 46.03",,,,3174,1591,755,37,48,6,278,459,50.13,23.79,1.17,1.51,0.19,8.76,14.46
"06029004605","Census Tract 46.05, Kern County, California","ACSSF","ca","140","00","0004075",,,,,"06","029",,,"004605",,,,,,,,,,,,,,,,,,,,,,,,,,,,,,,,,,,"14000US06029004605","Census Tract 46.05",,,,3204,1232,4,0,573,0,357,1038,38.45,0.12,0,17.88,0,11.14,32.4
"06029004606","Census Tract 46.06, Kern County, California","ACSSF","ca","140","00","0004076",,,,,"06","029",,,"004606",,,,,,,,,,,,,,,,,,,,,,,,,,,,,,,,,,,"14000US06029004606","Census Tract 46.06",,,,2566,1072,185,10,468,0,592,239,41.78,7.21,0.39,18.24,0,23.07,9.31
"06029004607","Census Tract 46.07, Kern County, California","ACSSF","ca","140","00","0004077",,,,,"06","029",,,"004607",,,,,,,,,,,,,,,,,,,,,,,,,,,,,,,,,,,"14000US06029004607","Census Tract 46.07",,,,6037,2215,0,0,800,0,1592,1430,36.69,0,0,13.25,0,26.37,23.69
"06029004702","Census Tract 47.02, Kern County, California","ACSSF","ca","140","00","0004078",,,,,"06","029",,,"004702",,,,,,,,,,,,,,,,,,,,,,,,,,,,,,,,,,,"14000US06029004702","Census Tract 47.02",,,,3660,2207,0,39,4,0,606,804,60.3,0,1.07,0.11,0,16.56,21.97
"06029004703","Census Tract 47.03, Kern County, California","ACSSF","ca","140","00","0004079",,,,,"06","029",,,"004703",,,,,,,,,,,,,,,,,,,,,,,,,,,,,,,,,,,"14000US06029004703","Census Tract 47.03",,,,5130,3043,112,10,63,0,260,1642,59.32,2.18,0.19,1.23,0,5.07,32.01
"06029004704","Census Tract 47.04, Kern County, California","ACSSF","ca","140","00","0004080",,,,,"06","029",,,"004704",,,,,,,,,,,,,,,,,,,,,,,,,,,,,,,,,,,"14000US06029004704","Census Tract 47.04",,,,5910,4179,21,51,41,0,505,1113,70.71,0.36,0.86,0.69,0,8.54,18.83
"06029004801","Census Tract 48.01, Kern County, California","ACSSF","ca","140","00","0004081",,,,,"06","029",,,"004801",,,,,,,,,,,,,,,,,,,,,,,,,,,,,,,,,,,"14000US06029004801","Census Tract 48.01",,,,4236,2765,0,79,275,0,831,286,65.27,0,1.86,6.49,0,19.62,6.75
"06029004802","Census Tract 48.02, Kern County, California","ACSSF","ca","140","00","0004082",,,,,"06","029",,,"004802",,,,,,,,,,,,,,,,,,,,,,,,,,,,,,,,,,,"14000US06029004802","Census Tract 48.02",,,,6118,3060,36,135,341,0,894,1652,50.02,0.59,2.21,5.57,0,14.61,27
"06029004901","Census Tract 49.01, Kern County, California","ACSSF","ca","140","00","0004083",,,,,"06","029",,,"004901",,,,,,,,,,,,,,,,,,,,,,,,,,,,,,,,,,,"14000US06029004901","Census Tract 49.01",,,,6348,3199,18,36,1343,0,531,1221,50.39,0.28,0.57,21.16,0,8.36,19.23
"06029004903","Census Tract 49.03, Kern County, California","ACSSF","ca","140","00","0004084",,,,,"06","029",,,"004903",,,,,,,,,,,,,,,,,,,,,,,,,,,,,,,,,,,"14000US06029004903","Census Tract 49.03",,,,5176,2042,0,16,1620,0,786,712,39.45,0,0.31,31.3,0,15.19,13.76
"06029004904","Census Tract 49.04, Kern County, California","ACSSF","ca","140","00","0004085",,,,,"06","029",,,"004904",,,,,,,,,,,,,,,,,,,,,,,,,,,,,,,,,,,"14000US06029004904","Census Tract 49.04",,,,3462,1106,4,0,1044,0,467,841,31.95,0.12,0,30.16,0,13.49,24.29
"06029005003","Census Tract 50.03, Kern County, California","ACSSF","ca","140","00","0004086",,,,,"06","029",,,"005003",,,,,,,,,,,,,,,,,,,,,,,,,,,,,,,,,,,"14000US06029005003","Census Tract 50.03",,,,3599,1803,72,0,311,0,341,1072,50.1,2,0,8.64,0,9.47,29.79
"06029005005","Census Tract 50.05, Kern County, California","ACSSF","ca","140","00","0004087",,,,,"06","029",,,"005005",,,,,,,,,,,,,,,,,,,,,,,,,,,,,,,,,,,"14000US06029005005","Census Tract 50.05",,,,3022,1577,56,20,86,33,606,644,52.18,1.85,0.66,2.85,1.09,20.05,21.31
"06029005006","Census Tract 50.06, Kern County, California","ACSSF","ca","140","00","0004088",,,,,"06","029",,,"005006",,,,,,,,,,,,,,,,,,,,,,,,,,,,,,,,,,,"14000US06029005006","Census Tract 50.06",,,,3978,1368,50,8,462,32,669,1389,34.39,1.26,0.2,11.61,0.8,16.82,34.92
"06029005103","Census Tract 51.03, Kern County, California","ACSSF","ca","140","00","0004089",,,,,"06","029",,,"005103",,,,,,,,,,,,,,,,,,,,,,,,,,,,,,,,,,,"14000US06029005103","Census Tract 51.03",,,,2340,1851,8,0,13,0,291,177,79.1,0.34,0,0.56,0,12.44,7.56
"06029005104","Census Tract 51.04, Kern County, California","ACSSF","ca","140","00","0004090",,,,,"06","029",,,"005104",,,,,,,,,,,,,,,,,,,,,,,,,,,,,,,,,,,"14000US06029005104","Census Tract 51.04",,,,4137,3034,56,55,336,38,279,339,73.34,1.35,1.33,8.12,0.92,6.74,8.19
"06029005203","Census Tract 52.03, Kern County, California","ACSSF","ca","140","00","0004091",,,,,"06","029",,,"005203",,,,,,,,,,,,,,,,,,,,,,,,,,,,,,,,,,,"14000US06029005203","Census Tract 52.03",,,,4440,4033,60,100,26,0,106,115,90.83,1.35,2.25,0.59,0,2.39,2.59
"06029005205","Census Tract 52.05, Kern County, California","ACSSF","ca","140","00","0004092",,,,,"06","029",,,"005205",,,,,,,,,,,,,,,,,,,,,,,,,,,,,,,,,,,"14000US06029005205","Census Tract 52.05",,,,3785,2996,0,72,44,0,386,287,79.15,0,1.9,1.16,0,10.2,7.58
"06029005206","Census Tract 52.06, Kern County, California","ACSSF","ca","140","00","0004093",,,,,"06","029",,,"005206",,,,,,,,,,,,,,,,,,,,,,,,,,,,,,,,,,,"14000US06029005206","Census Tract 52.06",,,,2540,2172,20,33,0,0,94,221,85.51,0.79,1.3,0,0,3.7,8.7
"06029005207","Census Tract 52.07, Kern County, California","ACSSF","ca","140","00","0004094",,,,,"06","029",,,"005207",,,,,,,,,,,,,,,,,,,,,,,,,,,,,,,,,,,"14000US06029005207","Census Tract 52.07",,,,1839,1658,2,0,56,0,63,60,90.16,0.11,0,3.05,0,3.43,3.26
"06029005208","Census Tract 52.08, Kern County, California","ACSSF","ca","140","00","0004095",,,,,"06","029",,,"005208",,,,,,,,,,,,,,,,,,,,,,,,,,,,,,,,,,,"14000US06029005208","Census Tract 52.08",,,,2574,2309,0,24,0,0,36,205,89.7,0,0.93,0,0,1.4,7.96
"06029005300","Census Tract 53, Kern County, California","ACSSF","ca","140","00","0004096",,,,,"06","029",,,"005300",,,,,,,,,,,,,,,,,,,,,,,,,,,,,,,,,,,"14000US06029005300","Census Tract 53",,,,2264,1462,247,9,101,20,172,253,64.58,10.91,0.4,4.46,0.88,7.6,11.17
"06029005402","Census Tract 54.02, Kern County, California","ACSSF","ca","140","00","0004097",,,,,"06","029",,,"005402",,,,,,,,,,,,,,,,,,,,,,,,,,,,,,,,,,,"14000US06029005402","Census Tract 54.02",,,,5127,4020,365,0,283,0,177,282,78.41,7.12,0,5.52,0,3.45,5.5
"06029005405","Census Tract 54.05, Kern County, California","ACSSF","ca","140","00","0004098",,,,,"06","029",,,"005405",,,,,,,,,,,,,,,,,,,,,,,,,,,,,,,,,,,"14000US06029005405","Census Tract 54.05",,,,2471,1525,10,38,200,0,389,309,61.72,0.4,1.54,8.09,0,15.74,12.51
"06029005406","Census Tract 54.06, Kern County, California","ACSSF","ca","140","00","0004099",,,,,"06","029",,,"005406",,,,,,,,,,,,,,,,,,,,,,,,,,,,,,,,,,,"14000US06029005406","Census Tract 54.06",,,,3719,2979,24,0,258,0,308,150,80.1,0.65,0,6.94,0,8.28,4.03
"06029005407","Census Tract 54.07, Kern County, California","ACSSF","ca","140","00","0004100",,,,,"06","029",,,"005407",,,,,,,,,,,,,,,,,,,,,,,,,,,,,,,,,,,"14000US06029005407","Census Tract 54.07",,,,3505,2891,44,0,181,13,278,98,82.48,1.26,0,5.16,0.37,7.93,2.8
"06029005408","Census Tract 54.08, Kern County, California","ACSSF","ca","140","00","0004101",,,,,"06","029",,,"005408",,,,,,,,,,,,,,,,,,,,,,,,,,,,,,,,,,,"14000US06029005408","Census Tract 54.08",,,,5183,3563,196,30,232,6,156,1000,68.74,3.78,0.58,4.48,0.12,3.01,19.29
"06029005409","Census Tract 54.09, Kern County, California","ACSSF","ca","140","00","0004102",,,,,"06","029",,,"005409",,,,,,,,,,,,,,,,,,,,,,,,,,,,,,,,,,,"14000US06029005409","Census Tract 54.09",,,,4498,3413,4,80,174,24,481,322,75.88,0.09,1.78,3.87,0.53,10.69,7.16
"06029005410","Census Tract 54.10, Kern County, California","ACSSF","ca","140","00","0004103",,,,,"06","029",,,"005410",,,,,,,,,,,,,,,,,,,,,,,,,,,,,,,,,,,"14000US06029005410","Census Tract 54.10",,,,1833,1415,149,216,0,0,39,14,77.2,8.13,11.78,0,0,2.13,0.76
"06029005508","Census Tract 55.08, Kern County, California","ACSSF","ca","140","00","0004104",,,,,"06","029",,,"005508",,,,,,,,,,,,,,,,,,,,,,,,,,,,,,,,,,,"14000US06029005508","Census Tract 55.08",,,,4732,2044,1174,237,117,8,687,465,43.2,24.81,5.01,2.47,0.17,14.52,9.83
"06029005509","Census Tract 55.09, Kern County, California","ACSSF","ca","140","00","0004105",,,,,"06","029",,,"005509",,,,,,,,,,,,,,,,,,,,,,,,,,,,,,,,,,,"14000US06029005509","Census Tract 55.09",,,,4335,3333,258,16,129,0,155,444,76.89,5.95,0.37,2.98,0,3.58,10.24
"06029005510","Census Tract 55.10, Kern County, California","ACSSF","ca","140","00","0004106",,,,,"06","029",,,"005510",,,,,,,,,,,,,,,,,,,,,,,,,,,,,,,,,,,"14000US06029005510","Census Tract 55.10",,,,1614,1491,20,0,0,1,0,102,92.38,1.24,0,0,0.06,0,6.32
"06029005511","Census Tract 55.11, Kern County, California","ACSSF","ca","140","00","0004107",,,,,"06","029",,,"005511",,,,,,,,,,,,,,,,,,,,,,,,,,,,,,,,,,,"14000US06029005511","Census Tract 55.11",,,,4339,2684,796,0,46,0,522,291,61.86,18.35,0,1.06,0,12.03,6.71
"06029005512","Census Tract 55.12, Kern County, California","ACSSF","ca","140","00","0004108",,,,,"06","029",,,"005512",,,,,,,,,,,,,,,,,,,,,,,,,,,,,,,,,,,"14000US06029005512","Census Tract 55.12",,,,3381,1899,772,113,6,0,166,425,56.17,22.83,3.34,0.18,0,4.91,12.57
"06029005513","Census Tract 55.13, Kern County, California","ACSSF","ca","140","00","0004109",,,,,"06","029",,,"005513",,,,,,,,,,,,,,,,,,,,,,,,,,,,,,,,,,,"14000US06029005513","Census Tract 55.13",,,,1961,1175,58,0,39,0,504,185,59.92,2.96,0,1.99,0,25.7,9.43
"06029005514","Census Tract 55.14, Kern County, California","ACSSF","ca","140","00","0004110",,,,,"06","029",,,"005514",,,,,,,,,,,,,,,,,,,,,,,,,,,,,,,,,,,"14000US06029005514","Census Tract 55.14",,,,3886,2484,136,12,0,0,1175,79,63.92,3.5,0.31,0,0,30.24,2.03
"06029005600","Census Tract 56, Kern County, California","ACSSF","ca","140","00","0004111",,,,,"06","029",,,"005600",,,,,,,,,,,,,,,,,,,,,,,,,,,,,,,,,,,"14000US06029005600","Census Tract 56",,,,2418,1272,174,118,153,2,413,286,52.61,7.2,4.88,6.33,0.08,17.08,11.83
"06029005700","Census Tract 57, Kern County, California","ACSSF","ca","140","00","0004112",,,,,"06","029",,,"005700",,,,,,,,,,,,,,,,,,,,,,,,,,,,,,,,,,,"14000US06029005700","Census Tract 57",,,,2924,2019,232,15,136,8,128,386,69.05,7.93,0.51,4.65,0.27,4.38,13.2
"06029005803","Census Tract 58.03, Kern County, California","ACSSF","ca","140","00","0004113",,,,,"06","029",,,"005803",,,,,,,,,,,,,,,,,,,,,,,,,,,,,,,,,,,"14000US06029005803","Census Tract 58.03",,,,3205,2386,208,92,0,0,315,204,74.45,6.49,2.87,0,0,9.83,6.37
"06029005804","Census Tract 58.04, Kern County, California","ACSSF","ca","140","00","0004114",,,,,"06","029",,,"005804",,,,,,,,,,,,,,,,,,,,,,,,,,,,,,,,,,,"14000US06029005804","Census Tract 58.04",,,,5886,2953,1141,22,19,0,1162,589,50.17,19.38,0.37,0.32,0,19.74,10.01
"06029005805","Census Tract 58.05, Kern County, California","ACSSF","ca","140","00","0004115",,,,,"06","029",,,"005805",,,,,,,,,,,,,,,,,,,,,,,,,,,,,,,,,,,"14000US06029005805","Census Tract 58.05",,,,2231,1487,139,4,30,0,385,186,66.65,6.23,0.18,1.34,0,17.26,8.34
"06029005806","Census Tract 58.06, Kern County, California","ACSSF","ca","140","00","0004116",,,,,"06","029",,,"005806",,,,,,,,,,,,,,,,,,,,,,,,,,,,,,,,,,,"14000US06029005806","Census Tract 58.06",,,,4702,3035,396,47,130,0,338,756,64.55,8.42,1,2.76,0,7.19,16.08
"06029005900","Census Tract 59, Kern County, California","ACSSF","ca","140","00","0004117",,,,,"06","029",,,"005900",,,,,,,,,,,,,,,,,,,,,,,,,,,,,,,,,,,"14000US06029005900","Census Tract 59",,,,3341,1674,794,136,78,19,499,141,50.1,23.77,4.07,2.33,0.57,14.94,4.22
"06029006002","Census Tract 60.02, Kern County, California","ACSSF","ca","140","00","0004118",,,,,"06","029",,,"006002",,,,,,,,,,,,,,,,,,,,,,,,,,,,,,,,,,,"14000US06029006002","Census Tract 60.02",,,,4284,2311,698,19,120,10,410,716,53.94,16.29,0.44,2.8,0.23,9.57,16.71
"06029006003","Census Tract 60.03, Kern County, California","ACSSF","ca","140","00","0004119",,,,,"06","029",,,"006003",,,,,,,,,,,,,,,,,,,,,,,,,,,,,,,,,,,"14000US06029006003","Census Tract 60.03",,,,6009,4739,71,17,0,0,723,459,78.87,1.18,0.28,0,0,12.03,7.64
"06029006004","Census Tract 60.04, Kern County, California","ACSSF","ca","140","00","0004120",,,,,"06","029",,,"006004",,,,,,,,,,,,,,,,,,,,,,,,,,,,,,,,,,,"14000US06029006004","Census Tract 60.04",,,,1255,1108,2,0,25,0,89,31,88.29,0.16,0,1.99,0,7.09,2.47
"06029006006","Census Tract 60.06, Kern County, California","ACSSF","ca","140","00","0004121",,,,,"06","029",,,"006006",,,,,,,,,,,,,,,,,,,,,,,,,,,,,,,,,,,"14000US06029006006","Census Tract 60.06",,,,4117,3591,9,9,48,0,145,315,87.22,0.22,0.22,1.17,0,3.52,7.65
"06029006009","Census Tract 60.09, Kern County, California","ACSSF","ca","140","00","0004122",,,,,"06","029",,,"006009",,,,,,,,,,,,,,,,,,,,,,,,,,,,,,,,,,,"14000US06029006009","Census Tract 60.09",,,,2660,2271,0,0,234,0,83,72,85.38,0,0,8.8,0,3.12,2.71
"06029006010","Census Tract 60.10, Kern County, California","ACSSF","ca","140","00","0004123",,,,,"06","029",,,"006010",,,,,,,,,,,,,,,,,,,,,,,,,,,,,,,,,,,"14000US06029006010","Census Tract 60.10",,,,2790,2355,40,0,55,0,55,285,84.41,1.43,0,1.97,0,1.97,10.22
"06029006011","Census Tract 60.11, Kern County, California","ACSSF","ca","140","00","0004124",,,,,"06","029",,,"006011",,,,,,,,,,,,,,,,,,,,,,,,,,,,,,,,,,,"14000US06029006011","Census Tract 60.11",,,,3320,2860,39,22,0,0,73,326,86.14,1.17,0.66,0,0,2.2,9.82
"06029006012","Census Tract 60.12, Kern County, California","ACSSF","ca","140","00","0004125",,,,,"06","029",,,"006012",,,,,,,,,,,,,,,,,,,,,,,,,,,,,,,,,,,"14000US06029006012","Census Tract 60.12",,,,3266,2731,11,36,23,0,396,69,83.62,0.34,1.1,0.7,0,12.12,2.11
"06029006101","Census Tract 61.01, Kern County, California","ACSSF","ca","140","00","0004126",,,,,"06","029",,,"006101",,,,,,,,,,,,,,,,,,,,,,,,,,,,,,,,,,,"14000US06029006101","Census Tract 61.01",,,,3827,2855,144,0,0,0,525,303,74.6,3.76,0,0,0,13.72,7.92
"06029006102","Census Tract 61.02, Kern County, California","ACSSF","ca","140","00","0004127",,,,,"06","029",,,"006102",,,,,,,,,,,,,,,,,,,,,,,,,,,,,,,,,,,"14000US06029006102","Census Tract 61.02",,,,4954,4420,77,23,184,0,62,188,89.22,1.55,0.46,3.71,0,1.25,3.79
"06029006201","Census Tract 62.01, Kern County, California","ACSSF","ca","140","00","0004128",,,,,"06","029",,,"006201",,,,,,,,,,,,,,,,,,,,,,,,,,,,,,,,,,,"14000US06029006201","Census Tract 62.01",,,,2502,1648,0,0,48,0,529,277,65.87,0,0,1.92,0,21.14,11.07
"06029006202","Census Tract 62.02, Kern County, California","ACSSF","ca","140","00","0004129",,,,,"06","029",,,"006202",,,,,,,,,,,,,,,,,,,,,,,,,,,,,,,,,,,"14000US06029006202","Census Tract 62.02",,,,7908,4426,55,29,217,0,1782,1399,55.97,0.7,0.37,2.74,0,22.53,17.69
"06029006301","Census Tract 63.01, Kern County, California","ACSSF","ca","140","00","0004130",,,,,"06","029",,,"006301",,,,,,,,,,,,,,,,,,,,,,,,,,,,,,,,,,,"14000US06029006301","Census Tract 63.01",,,,3766,2353,0,42,0,0,1284,87,62.48,0,1.12,0,0,34.09,2.31
"06029006303","Census Tract 63.03, Kern County, California","ACSSF","ca","140","00","0004131",,,,,"06","029",,,"006303",,,,,,,,,,,,,,,,,,,,,,,,,,,,,,,,,,,"14000US06029006303","Census Tract 63.03",,,,5287,3883,42,52,0,0,739,571,73.44,0.79,0.98,0,0,13.98,10.8
"06029006304","Census Tract 63.04, Kern County, California","ACSSF","ca","140","00","0004132",,,,,"06","029",,,"006304",,,,,,,,,,,,,,,,,,,,,,,,,,,,,,,,,,,"14000US06029006304","Census Tract 63.04",,,,3789,2246,6,0,5,0,1010,522,59.28,0.16,0,0.13,0,26.66,13.78
"06029006403","Census Tract 64.03, Kern County, California","ACSSF","ca","140","00","0004133",,,,,"06","029",,,"006403",,,,,,,,,,,,,,,,,,,,,,,,,,,,,,,,,,,"14000US06029006403","Census Tract 64.03",,,,6299,4109,78,8,32,0,933,1139,65.23,1.24,0.13,0.51,0,14.81,18.08
"06029006404","Census Tract 64.04, Kern County, California","ACSSF","ca","140","00","0004134",,,,,"06","029",,,"006404",,,,,,,,,,,,,,,,,,,,,,,,,,,,,,,,,,,"14000US06029006404","Census Tract 64.04",,,,3640,2541,0,0,0,0,755,344,69.81,0,0,0,0,20.74,9.45
"06029006405","Census Tract 64.05, Kern County, California","ACSSF","ca","140","00","0004135",,,,,"06","029",,,"006405",,,,,,,,,,,,,,,,,,,,,,,,,,,,,,,,,,,"14000US06029006405","Census Tract 64.05",,,,2777,1965,0,51,20,0,722,19,70.76,0,1.84,0.72,0,26,0.68
"06029006406","Census Tract 64.06, Kern County, California","ACSSF","ca","140","00","0004136",,,,,"06","029",,,"006406",,,,,,,,,,,,,,,,,,,,,,,,,,,,,,,,,,,"14000US06029006406","Census Tract 64.06",,,,3936,2805,0,0,133,0,703,295,71.27,0,0,3.38,0,17.86,7.49
"06029006500","Census Tract 65, Kern County, California","ACSSF","ca","140","00","0004137",,,,,"06","029",,,"006500",,,,,,,,,,,,,,,,,,,,,,,,,,,,,,,,,,,"14000US06029006500","Census Tract 65",,,,4809,1913,754,100,238,28,1085,691,39.78,15.68,2.08,4.95,0.58,22.56,14.37
"06029006600","Census Tract 66, Kern County, California","ACSSF","ca","140","00","0004138",,,,,"06","029",,,"006600",,,,,,,,,,,,,,,,,,,,,,,,,,,,,,,,,,,"14000US06029006600","Census Tract 66",,,,4434,3139,8,0,6,0,488,793,70.79,0.18,0,0.14,0,11.01,17.88
